day,month,year,Temperature,RH,Ws,Rain,FFMC,DMC,DC,ISI,BUI,FWI,Classes,Temp_Humidity,Temp_Humidity_Ratio,Heat_Index,Fire_Risk,Fire_Risk_Label,Fire_Risk_Encoded
1,6,2012,-0.8706546931179814,-0.3406732250339123,0.8932768965850295,-0.3816569059723695,-0.847927019649969,-0.9121201723424196,-0.8794014391831438,-0.8303557302688325,-0.936011545504452,-0.8801586304586864,,0.8453577514078885,0.17146365455352602,-0.9100479241224557,Low,0,0
2,6,2012,-0.8706546931179814,-0.0703594497416976,-0.8888765177841181,0.2686419969222983,-0.9387086049232776,-0.8555202740075861,-0.8794014391831438,-0.9027202643233428,-0.9007980816764884,-0.8936262047425135,,0.6354917126617354,0.4797176848532037,-0.8981740909113506,Low,0,0
3,6,2012,-1.6992542639835275,1.3487878705424292,2.3189996280803475,6.171355115504675,-2.1468020089450044,-0.9848914702014914,-0.8899128337724416,-1.071570843783867,-0.9853103948636008,-0.9340289275939956,,-1.462894698247907,0.05167668683244856,-1.6876848378618807,Low,0,0
4,6,2012,-1.975454120938709,1.821836977303805,-0.8888765177841181,0.8689179072866084,-3.4386937993728623,-1.08191986734692,-0.8941173916081606,-1.143935377838377,-1.055737322519528,-0.9474965018778226,,-2.6283909499791536,0.05718700955667646,-1.9508550868453831,Low,0,0
5,6,2012,-1.4230544070283455,1.010895651427161,0.1804155308373701,-0.3816569059723695,-0.910775809454568,-0.944462971390896,-0.7406510306044146,-0.8544772416203358,-0.9007980816764884,-0.8801586304586864,,-0.7019248253791865,0.047034102874571715,-1.4185776722728118,Low,0,0
6,6,2012,-0.3182549792076171,0.335111213196624,-0.5324458349102886,-0.3816569059723695,0.3322335889030462,-0.7180633780515621,-0.5724687171756516,-0.3961685259417704,-0.6824746059431147,-0.610807144782141,,0.4857635270549829,0.061413362320632,-0.3124644268888039,Low,0,0
7,6,2012,0.2341447347027467,-0.5434085565030735,-0.8888765177841181,-0.3816569059723695,0.723292725464993,-0.38654968780468,-0.3979795669933101,0.3998413486578431,-0.4078095880849993,0.0221688465577402,,0.4674070980784917,0.07770145071668882,0.21684452938099819,Moderate,1,1
8,6,2012,-0.5944548361627993,0.7405818761349462,-0.1760151520364588,-0.3816569059723695,0.6115615435901507,-0.2086642930380605,-0.2340018114002663,0.2068692578458154,-0.2246995761795891,0.0087012722739129,,0.18829348584266462,0.06602879062137483,-0.5786031341750837,Moderate,1,1
9,6,2012,-1.975454120938709,1.7542585334807512,-0.8888765177841181,-0.2816109209116513,-1.741776474648703,-0.5482636830470614,-0.2234904168109686,-1.0474493324323633,-0.4359803591473701,-0.9070937790263408,,-2.5093481381838485,0.055875633951448185,-1.953823545148159,Low,0,0
10,6,2012,-1.1468545500731635,1.1460525390732683,-1.2453072006579475,-0.3816569059723695,-0.3241871046116483,-0.4188924868531563,-0.0658194979715034,-0.8303557302688325,-0.2880838110699235,-0.8262883333233773,,-0.5911698042784916,0.05981223034242338,-1.1286912985643152,Low,0,0
11,6,2012,-0.3182549792076171,0.1999543255505167,-0.5324458349102886,-0.3816569059723695,0.4649143673794212,-0.1763214939895841,0.1023628154572592,-0.1790749237782394,-0.06271764257095669,-0.1933123419834956,,0.5241202443192928,0.04125994480703339,-0.3184013434943556,Moderate,1,1
12,6,2012,-1.6992542639835275,1.2812094267193757,1.2497075794588592,-0.3816569059723695,0.4299983730435331,-0.0712073970820362,0.2516246186252864,0.0138971670337878,0.07109351997530372,0.0087012722739129,,-1.360495961979794,0.04959047764213659,-1.6906532961646568,Moderate,1,1
13,6,2012,-1.4230544070283455,1.4839447581885366,1.962568945206518,0.21861900439193918,-1.9442892417968536,-0.6452920801924903,-0.6817872209043475,-1.0233278210808598,-0.7036026842398928,-0.920561353310168,,-1.3022074505656371,0.0611224078765806,-1.3977984641533774,Low,0,0
14,6,2012,-0.5944548361627993,1.0784740952502143,1.6061382623326887,-0.13154194332057392,-1.315801343750869,-0.8150917751969908,-0.8751968813474249,-0.9027202643233428,-0.8655846178485248,-0.8936262047425135,,0.00918131504593166,0.07392410330711258,-0.5637608426612027,Low,0,0
15,6,2012,-1.1468545500731635,1.213630982896322,0.5368462137112,1.1690558624687633,-1.98618843499992,-0.944462971390896,-0.883605997018863,-1.0474493324323633,-0.9641823165668229,-0.9340289275939956,,-0.6602803894922217,0.06156159529816202,-1.1257228402615393,Low,0,0
16,6,2012,-0.8706546931179814,1.821836977303805,-0.8888765177841181,-0.03149595825985572,-2.9149538843345417,-1.049577068298444,-0.8794014391831438,-1.143935377838377,-1.0205238586915644,-0.9474965018778226,,-0.8335705585613361,0.07622534630645757,-0.8150572584336165,Low,0,0
17,6,2012,-0.5944548361627993,1.821836977303805,0.1804155308373701,-0.08151895079021483,-2.8311554979284104,-1.0980912668711582,-0.8751968813474249,-1.143935377838377,-1.0627800152851206,-0.9474965018778226,,-0.3848654607068814,0.08098493049390286,-0.5311078013306633,Low,0,0
18,6,2012,-0.3182549792076171,1.0784740952502143,-0.5324458349102886,-0.23158792838129222,-1.4624485199615986,-1.0334056687742057,-0.8709923235117057,-0.9750847983778528,-1.0064384731603788,-0.920561353310168,,0.2748015821012782,0.08196433951442408,-0.27981138555826607,Low,0,0
19,6,2012,-0.3182549792076171,-0.4758301126800197,0.1804155308373701,-0.3316339134420104,0.1436872194892515,-0.8231774749591099,-0.7028100100829429,-0.5408975940507911,-0.8022003829581905,-0.7589504619042409,,0.7159038306408424,0.11222682997327046,-0.34808592652211917,Low,0,0
20,6,2012,-0.5944548361627993,1.213630982896322,0.1804155308373701,-0.18156493585093303,-1.2599357528134485,-0.9121201723424196,-0.4694570502005343,-0.9268417756748462,-0.816285768489376,-0.8936262047425135,,-0.06246355327276182,0.0758512543320548,-0.5578239260556493,Low,0,0
21,6,2012,-0.5944548361627993,1.0784740952502143,-0.5324458349102886,-0.3816569059723695,0.2205024070282048,-0.6776348792409667,-0.3748544988968552,-0.5167760826992877,-0.5838769072248169,-0.6512098676336229,,0.00918131504593166,0.07392410330711258,-0.5637608426612027,Low,0,0
22,6,2012,-0.3182549792076171,0.335111213196624,0.5368462137112,-0.3316339134420104,0.0878216285518299,-0.6210349809061331,-0.2087744643859518,-0.5650191054022945,-0.4923219012721117,-0.6377422933497956,,0.4857635270549829,0.061413362320632,-0.3124644268888039,Low,0,0
23,6,2012,-0.0420551222524349,-0.0027810059186439,0.8932768965850295,-0.3316339134420104,0.2484352024969157,-0.5240065837607043,-0.0363875931214698,-0.3479255032387636,-0.3655534314914431,-0.4357286790923866,,0.5809703788360379,0.565986559194623,-0.043357261299741545,Moderate,1,1
24,6,2012,-0.0420551222524349,0.2675327693735704,0.5368462137112,-0.3816569059723695,0.5626791515199082,-0.2814355908971322,0.1338969992251522,0.2068692578458154,-0.1261018774612913,0.062571569409222,,0.5708332464161846,0.08629369747220723,-0.03148342808863644,Moderate,1,1
25,6,2012,-0.3182549792076171,0.132375881727463,-0.1760151520364588,-0.3816569059723695,0.6185447424573288,-0.03886459803356,0.3020793126539152,0.2309907691973189,0.11334967656886001,0.1837797379636674,,0.5432986029514478,0.01575062957185864,-0.32136980179713315,Moderate,1,1
26,6,2012,-0.3182549792076171,0.132375881727463,0.8932768965850295,-0.3816569059723695,0.6255279413245061,0.2522205934027265,0.4702616260826781,0.4722058827123533,0.3457585378334193,0.4800663722078671,,0.5432986029514478,0.01575062957185864,-0.32136980179713315,Moderate,1,1
27,6,2012,0.510344591657929,-0.6109870003261272,0.8932768965850295,-0.3816569059723695,0.7791583164024136,0.5594771843632514,0.6489553341007387,1.0752436664999392,0.6415516339883127,1.072639640696267,,0.3028156845318187,0.06500555272121446,0.497825528181159,Severe,2,2
28,6,2012,-0.0420551222524349,-0.4758301126800197,-0.5324458349102886,-0.3816569059723695,0.7861415152695909,0.8748194750858951,0.8213422053652206,0.6892994848758842,0.916216651846428,0.9244963235741672,,0.5987103605707811,0.09400354767522599,-0.06413646941917589,Severe,2,2
29,6,2012,-0.0420551222524349,-1.0164576632644493,-0.8888765177841181,-0.23158792838129222,0.1436872194892515,0.3007347919754408,0.7351487697329798,-0.6132621281053013,0.5006977786764588,-0.4222611048085594,,0.6189846254104877,0.09252773603084265,-0.08788413584138444,Moderate,1,1
30,6,2012,0.2341447347027467,-0.8137223317952882,-0.5324458349102886,-0.3816569059723695,0.758208719800881,0.6645912812707991,0.9117401988331808,0.5928134394698706,0.8176189531281303,0.7898205807358945,,0.4109679283895785,0.08219515969262442,0.20497069616989308,Moderate,1,1
1,7,2012,-0.8706546931179814,0.4026896570196777,1.2497075794588592,0.11857301933122087,-1.2529525539462707,-0.9848914702014914,-0.8583786500045485,-0.8785987529718392,-0.9712250093324152,-0.8936262047425135,,0.26822614485596785,0.023350573351177975,-0.8773948827919179,Low,0,0
2,7,2012,-1.4230544070283455,0.8757387637810535,1.2497075794588592,0.21861900439193918,-1.54624690636773,-0.9929771699636102,-0.8646854867581271,-0.9509632870263496,-0.9782677020980078,-0.9070937790263408,,-0.5304155038973433,0.040213325712595616,-1.4245145888783635,Low,0,0
3,7,2012,-0.0420551222524349,0.9433172076041072,1.6061382623326887,-0.03149595825985572,-1.029490190196587,-0.9768057704393722,-0.8457649764973914,-0.8303557302688325,-0.9641823165668229,-0.8801586304586864,,0.5454904153665514,0.08982916962523176,-0.001798845060874514,Low,0,0
4,7,2012,0.2341447347027467,1.0784740952502143,0.5368462137112,-0.3816569059723695,0.1576536172236059,-0.8150917751969908,-0.6502530371364544,-0.4926545713477842,-0.7740296118958198,-0.7185477390527591,,0.8060421162119706,0.09804481192904711,0.28808752864762716,Low,0,0
5,7,2012,0.2341447347027467,0.2675327693735704,-0.5324458349102886,-0.3816569059723695,0.5626791515199082,-0.5725207823334186,-0.4526388188576581,0.0138971670337878,-0.534578057865668,-0.2875853619702866,,0.6367246071452313,0.11870537731831325,0.2524660290143135,Moderate,1,1
6,7,2012,-0.0420551222524349,0.0647974379044093,-0.5324458349102886,-0.3816569059723695,0.6394943390588614,-0.3056926901834893,-0.2613314373324403,0.2068692578458154,-0.2951265038355161,-0.0317014505775684,,0.5784360957310746,0.07085294012062883,-0.040388802996965685,Moderate,1,1
7,7,2012,0.7865444486131111,0.132375881727463,0.8932768965850295,-0.2816109209116513,0.1506704183564287,-0.4027210873289182,-0.189853954125216,-0.4685330599962808,-0.323297274897887,-0.5165341247953502,,0.6737114416501014,0.27776773891601053,0.8144280266146434,Moderate,1,1
8,7,2012,0.2341447347027467,0.4026896570196777,1.2497075794588592,-0.3816569059723695,0.5417295549183746,-0.1763214939895841,0.0077602641535801,0.3033553032518292,-0.09088841363332749,0.1299094408283583,,0.6649441919896878,0.10948326951679689,0.2584029456198652,Moderate,1,1
9,7,2012,-0.0420551222524349,0.4026896570196777,-0.5324458349102886,0.3186649894526574,-0.7850782298453711,-0.5644350825712996,-0.8457649764973914,-0.8785987529718392,-0.6543038348807438,-0.8666910561748591,,0.565764680206258,0.0879500954753922,-0.02554651148308472,Low,0,0
10,7,2012,0.2341447347027467,0.4702681008427313,-0.8888765177841181,-0.03149595825985572,-0.7850782298453711,-0.7018919785273238,-0.8436626975795317,-0.8785987529718392,-0.766986919130227,-0.8801586304586864,,0.679053984411916,0.10686006794818108,0.2613714039226411,Low,0,0
11,7,2012,0.2341447347027467,0.9433172076041072,-0.5324458349102886,-0.3816569059723695,0.227485605895382,-0.5320922835228233,-0.6460484793007354,-0.5167760826992877,-0.605004985521595,-0.6512098676336229,,0.7778225313675141,0.09902139722309555,0.2821506120420754,Low,0,0
12,7,2012,-0.3182549792076171,0.8757387637810535,-0.8888765177841181,-0.3316339134420104,-0.1915063261352743,-0.5482636830470614,-0.4568433766933772,-0.7821127075658255,-0.5275353651000754,-0.8262883333233773,,0.33233665799774303,0.07981959565474113,-0.28871676046659367,Low,0,0
13,7,2012,0.510344591657929,1.2812094267193757,-0.1760151520364588,-0.3816569059723695,0.2763679979656255,-0.4027210873289182,-0.2571268794967212,-0.4202900372932739,-0.3514680459602578,-0.4895989762276957,,1.1639239871155773,0.1037342345545812,0.580942360658893,Moderate,1,1
14,7,2012,0.510344591657929,-0.0703594497416976,-0.8888765177841181,-0.08151895079021483,-0.2753047125414049,-0.5563493828091806,-0.557752764750635,-0.8062342189173289,-0.5838769072248169,-0.8397559076072045,,0.5488466281271783,-0.136488560442333,0.5215731946033692,Low,0,0
15,7,2012,-0.5944548361627993,1.213630982896322,1.2497075794588592,-0.18156493585093303,-1.1970869630088494,-0.7665775766242763,-0.6817872209043475,-0.8785987529718392,-0.7599442263646343,-0.8801586304586864,,-0.06246355327276182,0.0758512543320548,-0.5578239260556493,Low,0,0
16,7,2012,-1.1468545500731635,0.9433172076041072,1.962568945206518,-0.3816569059723695,-0.3660862978147146,-0.6210349809061331,-0.503093512886287,-0.9750847983778528,-0.5909195999904095,-0.8936262047425135,,-0.3838380486373018,0.05306025923377651,-1.1375966734726444,Low,0,0
17,7,2012,-0.8706546931179814,0.5378465446657852,-0.5324458349102886,-0.3816569059723695,0.3461999866374016,-0.4269781866152753,-0.3222975259503668,-0.3720470145902669,-0.393724202553814,-0.4626638276600411,,0.16329312548289113,0.04040787564250792,-0.8714579661863645,Moderate,1,1
18,7,2012,-0.3182549792076171,0.4026896570196777,-0.5324458349102886,-0.3816569059723695,0.5277631571840201,-0.2086642930380605,-0.1330924233430085,-0.0343458556692189,-0.1754007268204403,-0.1394420448481865,,0.46658516842282793,0.06641692143398746,-0.309495968586028,Moderate,1,1
19,7,2012,0.7865444486131111,-0.2055163373878049,0.5368462137112,-0.3816569059723695,0.7163095265978148,-0.2167499928001795,0.0708286316893661,0.7134209962273877,0.10630698380326721,0.5204690950593491,,0.4367217242670438,-0.028923464849471798,0.7995857351007625,Moderate,1,1
20,7,2012,0.2341447347027467,0.1999543255505167,-0.1760151520364588,-0.3316339134420104,0.2484352024969157,-0.1924928935138222,0.2663405710503032,-0.4685330599962808,-0.013418793211807794,-0.4087935305247321,,0.622614814723003,0.1279916166066274,0.24949757071153764,Moderate,1,1
21,7,2012,0.2341447347027467,0.5378465446657852,0.5368462137112,-0.3816569059723695,0.5277631571840201,0.30882049173756,0.4639547893290995,0.1103832124398017,0.4021000799581607,0.2376500350989765,,0.6931637768341444,0.10489605767343664,0.2643398622254186,Moderate,1,1
22,7,2012,-1.1468545500731635,1.1460525390732683,0.8932768965850295,-0.3316339134420104,-0.310220706877293,0.1390207967330594,0.6405462184293007,-0.7097481735113151,0.352801230599012,-0.5704044219306593,,-0.5911698042784916,0.05981223034242338,-1.1286912985643152,Low,0,0
23,7,2012,-1.4230544070283455,0.2675327693735704,2.3189996280803475,-0.18156493585093303,-0.6733470479705288,-0.3380354892319656,0.4597502314933804,-0.7097481735113151,-0.09088841363332749,-0.6646774419174502,,0.24137644277095086,-0.07576470175832323,-1.4512307136033495,Low,0,0
24,7,2012,-1.1468545500731635,1.0784740952502143,0.1804155308373701,-0.3316339134420104,-0.547649468361332,-0.4108067870910372,0.6363416605935815,-0.8062342189173289,-0.1401872629924768,-0.7724180361880683,,-0.5220592190647614,0.05784363089248955,-1.1316597568670927,Low,0,0
25,7,2012,-0.3182549792076171,0.1999543255505167,0.8932768965850295,-0.3816569059723695,0.4509479696450657,-0.1763214939895841,0.8255467632009398,0.0138971670337878,0.1274350621000455,0.0356364208415674,,0.5241202443192928,0.04125994480703339,-0.3184013434943556,Moderate,1,1
26,7,2012,1.062744305568293,-0.6109870003261272,1.2497075794588592,-0.3816569059723695,0.7931247141367691,0.1956206950678932,1.0336723760690338,1.2682157573119668,0.5077404714420514,1.113042363547749,,0.0018524422829295179,0.036621359719890806,1.0657244423870489,Severe,2,2
27,7,2012,1.062744305568293,-0.9488792194413956,-0.8888765177841181,-0.3816569059723695,0.8699399016757223,0.6079913829359657,1.241797988937128,0.954636109742422,0.8950885735496498,1.113042363547749,,-0.31835765273608674,0.05606686122651275,1.0508821508731678,Severe,2,2
28,7,2012,0.2341447347027467,0.9433172076041072,-0.1760151520364588,-0.3816569059723695,0.6045783447229734,0.7858767777025852,1.4373099282980648,0.2068692578458154,1.0852412782206526,0.5743393921946582,,0.7778225313675141,0.09902139722309555,0.2821506120420754,Moderate,1,1
29,7,2012,-0.0420551222524349,0.7405818761349462,-0.1760151520364588,-0.3816569059723695,0.6115615435901507,0.971847872231324,1.630719588741142,0.2068692578458154,1.289479368422841,0.6551448378976218,,0.5530932646814413,0.08944601631567002,-0.010704219969203756,Moderate,1,1
30,7,2012,-0.3182549792076171,1.1460525390732683,-0.1760151520364588,-0.3816569059723695,0.5277631571840201,1.1173904679494673,1.8199246913485,-0.0102243443177153,1.4585039947970655,0.4935339464916943,,0.2556232234691231,0.08251063073938095,-0.2768429272554886,Moderate,1,1
31,7,2012,0.7865444486131111,0.132375881727463,0.5368462137112,-0.3816569059723695,0.6534607367932169,1.3923042598615154,2.023845746380875,0.4963273940638567,1.7261263198895884,1.1669126606830578,,0.6737114416501014,0.27776773891601053,0.8144280266146434,Severe,2,2
1,8,2012,1.062744305568293,-1.1516145509105566,-0.5324458349102886,-0.3816569059723695,0.0668720319502972,-0.7989203756727528,-0.824742187318796,-0.6615051508083082,-0.8444565395517468,-0.8262883333233773,,-0.5104837097474964,0.0622569264489298,1.0419767759648386,Low,0,0
2,8,2012,0.7865444486131111,-0.4758301126800197,-1.2453072006579475,-0.18156493585093303,0.0110064410128765,-0.7180633780515621,-0.828946745154515,-0.7338696848628184,-0.7881149974270052,-0.8397559076072045,,0.24712995036059734,0.039333700781092655,0.7877119018896573,Low,0,0
3,8,2012,0.7865444486131111,0.0647974379044093,-0.5324458349102886,-0.23158792838129222,-0.0867583431276102,-0.7261490778136809,-0.828946745154515,-0.7338696848628184,-0.7881149974270052,-0.8397559076072045,,0.6263134981734899,0.47231263126166906,0.8114595683118675,Low,0,0
4,8,2012,0.510344591657929,0.4702681008427313,-0.8888765177841181,-0.3816569059723695,0.4998303617153092,-0.5240065837607043,-0.6229234112042805,-0.1790749237782394,-0.5979622927560023,-0.4222611048085594,,0.7948775717225378,0.1252988828576749,0.5453208610255778,Moderate,1,1
5,8,2012,0.510344591657929,0.1999543255505167,-0.8888765177841181,-0.3816569059723695,0.6255279413245061,-0.2895212906592512,-0.4147977983361864,0.1103832124398017,-0.3655534314914431,-0.1259744705643593,,0.671862099924858,0.17135745250642448,0.5334470278144743,Moderate,1,1
6,8,2012,-0.0420551222524349,0.8757387637810535,-0.5324458349102886,-0.3816569059723695,0.5975951458557962,-0.1358929951789888,-0.21718358005739,0.1103832124398017,-0.1754007268204403,-0.0317014505775684,,0.5480246984715147,0.0897211631402775,-0.004767303363650375,Moderate,1,1
7,8,2012,-0.0420551222524349,0.4702681008427313,0.1804155308373701,-0.3816569059723695,0.6045783447229734,0.0662494988739879,-0.017467082860734,0.182747746494312,0.03588005614734021,0.1299094408283583,,0.5632303971012946,0.08842125303868728,-0.02257805318030886,Moderate,1,1
8,8,2012,-0.0420551222524349,-0.1379378935647512,0.8932768965850295,-0.23158792838129222,-0.0518423487917221,-0.273349891135013,-0.0511035455464866,-0.6132621281053013,-0.182443419586033,-0.5973395704983139,,0.5860389450459645,0.10080053804848853,-0.049294177905294924,Low,0,0
9,8,2012,0.7865444486131111,-0.2055163373878049,0.5368462137112,-0.3816569059723695,0.6674271345275723,0.0096496005391544,0.1591243462394667,0.5204489054153604,0.08517890550648902,0.3857933522210764,,0.4367217242670438,-0.028923464849471798,0.7995857351007625,Moderate,1,1
10,8,2012,0.7865444486131111,-0.4758301126800197,-0.5324458349102886,-0.3816569059723695,0.7721751175352365,0.3169061914996792,0.3693522380254204,0.6410564621728775,0.3668866161301972,0.61474211504614,,0.24712995036059734,0.039333700781092655,0.7877119018896573,Moderate,1,1
11,8,2012,0.7865444486131111,0.0647974379044093,-0.8888765177841181,-0.3816569059723695,0.7721751175352365,0.5675628841253704,0.5795801298113741,0.568691928118367,0.6204235556915346,0.6820799864652762,,0.6263134981734899,0.47231263126166906,0.8114595683118675,Moderate,1,1
12,8,2012,0.7865444486131111,-0.7461438879722345,-0.8888765177841181,-0.23158792838129222,0.2414520036297374,0.0743351986361069,0.5396368303720427,-0.5408975940507911,0.2823743029430849,-0.3818583819570775,,0.05753817645415088,0.05813431405018959,0.7758380686785522,Moderate,1,1
13,8,2012,0.7865444486131111,0.0647974379044093,-0.1760151520364588,-0.3816569059723695,0.6394943390588614,0.3492489905481554,0.7498647221579963,0.2792337919003258,0.5429539352700148,0.426196075072558,,0.6263134981734899,0.47231263126166906,0.8114595683118675,Moderate,1,1
14,8,2012,0.2341447347027467,0.2675327693735704,-0.5324458349102886,-0.3816569059723695,0.6394943390588614,0.5675628841253704,0.951683498272512,0.2309907691973189,0.7401493327066104,0.4800663722078671,,0.6367246071452313,0.11870537731831325,0.2524660290143135,Moderate,1,1
15,8,2012,1.062744305568293,-0.4758301126800197,-0.8888765177841181,-0.23158792838129222,0.3182671911686918,0.0743351986361069,0.905433362079602,-0.2514394578327498,0.37392930889579,-0.0990393219967047,,0.12993648029053617,0.021110418483048215,1.0716613589926007,Moderate,1,1
16,8,2012,1.062744305568293,-0.0703594497416976,0.8932768965850295,-0.23158792838129222,0.1646368160907842,-0.2410070920865368,0.8612855048045519,-0.4685330599962808,0.06405082720971111,-0.3818583819570775,,0.5141885943133556,-0.38297105856054764,1.0894721088092592,Moderate,1,1
17,8,2012,1.3389441625234753,-0.6785654441491809,0.8932768965850295,-0.3816569059723695,0.8001079130039463,0.1066779976845832,1.0778202333440845,1.1958512232574563,0.4373135437861242,1.0187693435609575,,-0.2293152733725101,0.029281021283892747,1.3467054411872164,Severe,2,2
18,8,2012,1.062744305568293,-0.5434085565030735,0.8932768965850295,-0.3816569059723695,0.8070911118711245,0.4301059881693461,1.292252682965757,1.1958512232574563,0.7612774110033886,1.220782957818367,,0.06589446128673279,0.02983036165022918,1.0686929006898247,Severe,2,2
19,8,2012,0.7865444486131111,-0.0027810059186439,1.2497075794588592,-0.3816569059723695,0.8070911118711245,0.6888483805571565,1.5024805747517105,1.1958512232574563,1.0288997360959111,1.3689262749404667,,0.5789155546968786,-8.788024244392544,0.8084911100090917,Severe,2,2
20,8,2012,0.7865444486131111,0.4026896570196777,1.2497075794588592,-0.3816569059723695,0.7302759243321703,0.9071622741343714,1.7064016297840852,0.9787576210939256,1.268351290126063,1.3150559778051578,,0.8633032155565479,0.1525496175996064,0.8263018598257484,Severe,2,2
21,8,2012,1.062744305568293,-0.2730947812108587,1.2497075794588592,-0.3816569059723695,0.7512255209337029,1.2063331653327771,1.9271409161593365,1.0752436664999392,1.5571016935153632,1.5305371663463938,,0.32206253730194584,-0.030942847144258014,1.08056673390093,Severe,2,2
22,8,2012,1.062744305568293,-0.4758301126800197,0.8932768965850295,-0.3816569059723695,0.7861415152695909,1.5216754560554206,2.141573365781009,1.2440942459604634,1.8599374824358497,1.7998886520229391,,0.12993648029053617,0.021110418483048215,1.0716613589926007,Severe,2,2
23,8,2012,1.062744305568293,-0.6109870003261272,0.1804155308373701,-0.3816569059723695,0.8140743107383017,1.8531891463023027,2.356005815402682,1.364701802717981,2.1698159641219283,2.0557725634156574,,0.0018524422829295179,0.036621359719890806,1.0657244423870489,Severe,2,2
24,8,2012,0.510344591657929,0.132375881727463,-0.5324458349102886,-0.3816569059723695,0.7721751175352365,2.0876744394037554,2.5620291493529166,1.0270006437969323,2.40926751815208,1.867226523442076,,0.6411082319754381,0.21226346157997256,0.5304785695116968,Severe,2,2
25,8,2012,0.7865444486131111,-0.1379378935647512,-0.1760151520364588,-0.3816569059723695,0.7721751175352365,2.362588231315804,2.7722570411388703,0.8340285529849049,2.6768898432446027,1.7864210777391123,,0.48411966774365545,-0.0877883894431694,0.8025541934035383,Severe,2,2
26,8,2012,-0.3182549792076171,1.0784740952502143,0.8932768965850295,-0.3816569059723695,0.55569595265273,2.5000451272718283,2.967768980499806,-0.0102243443177153,2.845914469618828,0.8975611750065124,,0.2748015821012782,0.08196433951442408,-0.27981138555826607,Severe,2,2
27,8,2012,0.2341447347027467,1.3487878705424292,1.962568945206518,-0.3816569059723695,0.492847162848132,2.613244923941495,3.169587756614322,-0.0825888783722256,3.0008537104618664,0.8302233035873761,,0.8624812859008839,0.0966788006641348,0.29996136185873223,Moderate,1,1
28,8,2012,0.510344591657929,0.132375881727463,0.1804155308373701,-0.3816569059723695,0.8070911118711245,2.8719873163293057,3.384020206235995,0.616934950821374,3.254390650023204,1.7325507806038023,,0.6411082319754381,0.21226346157997256,0.5304785695116968,Severe,2,2
29,8,2012,0.7865444486131111,-0.9488792194413956,0.8932768965850295,-0.3816569059723695,0.855973503941367,3.1954153068140685,3.5942480980219487,1.8712535410995528,3.571311824474876,3.1197109318380107,,-0.08465565397568404,0.06520520706823432,0.7669326937702247,Severe,2,2
30,8,2012,0.7865444486131111,0.5378465446657852,0.5368462137112,0.01852703427050268,-0.3591030989475364,0.8505623757995379,2.7533365308781343,-0.7338696848628184,1.4585039947970655,-0.3818583819570775,,0.9580991025097711,0.137140148688901,0.8322387764313018,Moderate,1,1
31,8,2012,-1.1468545500731635,1.213630982896322,1.962568945206518,8.022205839127963,-1.7697092701174135,-0.4835780849501089,-0.8562763710866891,-0.9992063097293564,-0.5909195999904095,-0.9070937790263408,,-0.6602803894922217,0.06156159529816202,-1.1257228402615393,Low,0,0
1,9,2012,-1.975454120938709,0.9433172076041072,0.5368462137112,3.219998556213488,-2.2236171964839584,-1.08191986734692,-0.8815037181010035,-1.09569235513537,-1.048694629753935,-0.9340289275939956,,-1.0808343966401908,0.025483576440185104,-1.9894450447814742,Low,0,0
2,9,2012,-2.804053691804256,1.619101645834644,-0.1760151520364588,4.670665339593902,-3.306013020896488,-1.1304340659196346,-0.8920151126903011,-1.143935377838377,-1.097993479113084,-0.9474965018778226,,-3.467581128411879,0.036857813406006266,-2.8116088330625457,Low,0,0
3,9,2012,-1.975454120938709,1.0784740952502143,-0.1760151520364588,1.519216810181277,-2.461045957967997,-1.0900055671090392,-0.8815037181010035,-1.1198138664868738,-1.055737322519528,-0.9474965018778226,,-1.3189200202307998,0.03372292227055502,-1.9835081281759226,Low,0,0
4,9,2012,-0.8706546931179814,0.7405818761349462,0.5368462137112,-0.3316339134420104,-0.6593806502361734,-1.0334056687742057,-0.7091168468365215,-0.8062342189173289,-0.9712250093324152,-0.8801586304586864,,0.005893596423276348,0.054320177774227235,-0.862552591278037,Low,0,0
5,9,2012,-0.8706546931179814,0.8757387637810535,0.1804155308373701,-0.3816569059723695,0.2065360092938494,-0.9121201723424196,-0.53462769665418,-0.4685330599962808,-0.816285768489376,-0.7185477390527591,,-0.09903942294980017,0.060016460683668366,-0.8566156746724836,Low,0,0
6,9,2012,-0.8706546931179814,0.8081603199579999,1.2497075794588592,-0.3316339134420104,-0.1426239340650309,-0.8959487728181815,-0.362240825389698,-0.6373836394568048,-0.7810723046614125,-0.8262883333233773,,-0.04657291326326196,0.05740648109181672,-0.8595841329752595,Low,0,0
7,9,2012,-0.3182549792076171,0.6054249884888389,0.5368462137112,-0.23158792838129222,-0.5755822638300429,-0.9282915718666578,-0.4063886826647482,-0.7821127075658255,-0.816285768489376,-0.8666910561748591,,0.40905009252636293,0.07472554164288961,-0.3005905936776988,Low,0,0
8,9,2012,-0.5944548361627993,0.7405818761349462,0.5368462137112,0.06855002680086177,-1.1063053777355407,-0.9768057704393722,-0.8625832078402677,-0.8785987529718392,-0.9641823165668229,-0.8936262047425135,,0.18829348584266462,0.06602879062137483,-0.5786031341750837,Low,0,0
9,9,2012,-0.5944548361627993,1.010895651427161,-0.1760151520364588,0.11857301933122087,-1.5183141108990197,-1.0172342692499676,-0.8625832078402677,-0.9750847983778528,-0.9923530876291936,-0.920561353310168,,0.0450037492052781,0.07276728252680338,-0.5667293009639786,Low,0,0
10,9,2012,0.2341447347027467,0.7405818761349462,-1.2453072006579475,0.5187569595740946,-1.2529525539462707,-1.0091485694878484,-0.8520718132509699,-0.9750847983778528,-0.9853103948636008,-0.9070937790263408,,0.7354931541008293,0.1011546291628176,0.27324523713374615,Low,0,0
11,9,2012,-0.5944548361627993,1.010895651427161,1.962568945206518,0.5187569595740946,-1.3507173380867572,-1.0334056687742057,-0.8625832078402677,-0.8785987529718392,-1.0064384731603788,-0.9070937790263408,,0.0450037492052781,0.07276728252680338,-0.5667293009639786,Low,0,0
12,9,2012,-0.8706546931179814,1.7542585334807512,-0.8888765177841181,-0.3816569059723695,-0.4778174796895559,-0.9768057704393722,-0.6901963365757856,-0.8544772416203358,-0.914883467207674,-0.8801586304586864,,-0.7811040488747978,0.07564737523994154,-0.8180257167363925,Low,0,0
13,9,2012,-1.975454120938709,1.619101645834644,1.962568945206518,1.91940075042415,-2.5797603387100168,-1.08191986734692,-0.8815037181010035,-1.1198138664868738,-1.048694629753935,-0.9474965018778226,,-2.2712625145932392,0.05292447572752158,-1.9597604617537123,Low,0,0
14,9,2012,-2.804053691804256,0.9433172076041072,3.7447223595756656,3.770251474047438,-2.125852412343472,-1.0980912668711582,-0.8920151126903011,-1.0474493324323633,-1.0627800152851206,-0.9340289275939956,,-1.7778307446430806,-0.0020931063534063515,-2.8412934160903074,Low,0,0
15,9,2012,-2.251653977893892,1.3487878705424292,-0.1760151520364588,-0.18156493585093303,-2.3004323840229124,-1.1142626663953965,-0.8857082759367225,-1.09569235513537,-1.076865400816306,-0.9474965018778226,,-2.127287836576134,0.03881894002339533,-2.255583752067764,Low,0,0
16,9,2012,-0.5944548361627993,0.1999543255505167,-0.5324458349102886,-0.3816569059723695,0.0179896398800538,-0.9282915718666578,-0.7091168468365215,-0.6856266621598117,-0.8796700033797102,-0.8397559076072045,,0.47487295911743765,-0.0021058910927636613,-0.6023508005972923,Low,0,0
17,9,2012,-0.3182549792076171,-0.6785654441491809,-0.5324458349102886,-0.3816569059723695,0.6883767311291049,-0.6695491794788475,-0.5283208599006014,0.3515983259548361,-0.6331757565839659,-0.1529096191320137,,0.7734389065373074,0.10595324098541908,-0.3569913014304468,Moderate,1,1
18,9,2012,-0.0420551222524349,-0.8813007756183419,-1.601737883531777,-0.3816569059723695,0.8070911118711245,-0.394635387566799,-0.3433203151289622,0.4963273940638567,-0.3796388170226285,0.0895067179768765,,0.6139160592005611,0.09272694033216325,-0.08194721923583272,Moderate,1,1
19,9,2012,-0.8706546931179814,-0.3406732250339123,-0.5324458349102886,-0.3816569059723695,0.8001079130039463,-0.1763214939895841,-0.1709334438644802,0.7375425075788911,-0.1754007268204403,0.3588582036534217,,0.8453577514078885,0.17146365455352602,-0.9100479241224557,Moderate,1,1
20,9,2012,-1.1468545500731635,1.4839447581885366,0.8932768965850295,-0.3816569059723695,0.4160319753091777,-0.0954644963683934,-0.0027511304357173,-0.0584673670207223,-0.048632257039771296,-0.0990393219967047,,-0.9367227303471409,0.06696574296127963,-1.113849007050434,Moderate,1,1
21,9,2012,-0.3182549792076171,-0.4758301126800197,-1.601737883531777,-0.3816569059723695,0.6953599299962822,0.1471064964951786,0.1780448565002025,0.1586262351428086,0.1767339114591944,0.1703121636798402,,0.7159038306408424,0.11222682997327046,-0.34808592652211917,Moderate,1,1
22,9,2012,-0.3182549792076171,-0.8137223317952882,1.2497075794588592,-0.08151895079021483,-0.0029599567214787,-0.3299497894698465,-0.1688311649466206,-0.5650191054022945,-0.2669557327731453,-0.5704044219306593,,0.8117956238016174,0.10350755614645493,-0.36292821803600017,Low,0,0
23,9,2012,-0.0420551222524349,-0.5434085565030735,-1.601737883531777,-0.13154194332057392,-0.2892711102757603,-0.5482636830470614,-0.4000818459111697,-0.8544772416203358,-0.4993645940377044,-0.8532234818910318,,0.6012446436757445,0.09365848040550867,-0.06710492772195174,Low,0,0
24,9,2012,-0.8706546931179814,0.1999543255505167,1.2497075794588592,-0.08151895079021483,-0.6663638491033516,-0.7423204773379192,-0.7196282414258193,-0.7821127075658255,-0.766986919130227,-0.8532234818910318,,0.4256256739155826,-0.045471726992560677,-0.8863002577002456,Low,0,0
25,9,2012,-1.6992542639835275,1.2812094267193757,1.962568945206518,2.5196766607884595,-2.0420540259373405,-0.944462971390896,-0.8772991602652843,-1.0474493324323633,-0.9641823165668229,-0.9340289275939956,,-1.360495961979794,0.04959047764213659,-1.6906532961646568,Low,0,0
26,9,2012,-0.3182549792076171,-0.5434085565030735,-1.601737883531777,-0.3816569059723695,0.2903343956999809,-0.7018919785273238,-0.6965031733293642,-0.5408975940507911,-0.7388161480678563,-0.7185477390527591,,0.7350821892729975,0.10961551009432857,-0.35105438482489504,Low,0,0
27,9,2012,-0.3182549792076171,0.2675327693735704,-1.601737883531777,-0.3816569059723695,0.5487127537855527,-0.515920883998585,-0.5157071863934443,-0.1790749237782394,-0.5416207506312607,-0.3953259562409049,,0.5049418856871378,0.053882017626101134,-0.31543288519157975,Moderate,1,1
28,9,2012,-0.0420551222524349,-1.0164576632644493,-0.5324458349102886,-0.03149595825985572,-0.0239095533230113,-0.612949281144014,-0.8541740921688293,-0.7097481735113151,-0.6965599914743,-0.8262883333233773,,0.6189846254104877,0.09252773603084265,-0.08788413584138444,Low,0,0
29,9,2012,-1.6992542639835275,1.213630982896322,0.1804155308373701,0.5187569595740946,-2.125852412343472,-0.952548671153015,-0.8772991602652843,-1.071570843783867,-0.9641823165668229,-0.9340289275939956,,-1.258097225711681,0.047271936264269246,-1.6936217544674326,Low,0,0
30,9,2012,-1.975454120938709,1.0784740952502143,-0.5324458349102886,0.3186649894526574,-2.2934491851557346,-1.0334056687742057,-0.8815037181010035,-1.09569235513537,-1.0064384731603788,-0.9340289275939956,,-1.3189200202307998,0.03372292227055502,-1.9835081281759226,Low,0,0
1,6,2012,-0.0420551222524349,0.6054249884888389,-1.2453072006579475,-0.03149595825985572,-1.4484821222272437,-0.9848914702014914,-0.8667877656759868,-0.9992063097293564,-0.9782677020980078,-0.920561353310168,,0.558161830891368,0.08904802028871141,-0.016641136574755477,Low,0,0
2,6,2012,-0.5944548361627993,0.7405818761349462,-0.8888765177841181,1.6192627952419956,-1.54624690636773,-0.968720070677253,-0.8751968813474249,-0.9992063097293564,-0.9712250093324152,-0.920561353310168,,0.18829348584266462,0.06602879062137483,-0.5786031341750837,Low,0,0
3,6,2012,-0.8706546931179814,1.213630982896322,-0.5324458349102886,0.6188029446348128,-2.0350708270701627,-1.0091485694878484,-0.8794014391831438,-1.071570843783867,-0.9923530876291936,-0.9340289275939956,,-0.3613719713824917,0.06870642481510841,-0.8417733831586026,Low,0,0
4,6,2012,-0.5944548361627993,0.132375881727463,-0.5324458349102886,-0.3816569059723695,0.1087712251533635,-0.7665775766242763,-0.7154236835901001,-0.6132621281053013,-0.7810723046614125,-0.81282075903955,,0.5106953932767844,-0.04975364776417937,-0.6053192589000698,Low,0,0
5,6,2012,-0.0420551222524349,-0.1379378935647512,-0.5324458349102886,-0.2816109209116513,-0.0518423487917221,-0.7018919785273238,-0.6691735473971903,-0.7097481735113151,-0.7176880697710781,-0.8262883333233773,,0.5860389450459645,0.10080053804848853,-0.049294177905294924,Low,0,0
6,6,2012,0.7865444486131111,-0.5434085565030735,-1.601737883531777,-0.3316339134420104,0.4090487764420005,-0.507835184236466,-0.4862752815434106,-0.3961685259417704,-0.5204926723344826,-0.5300016990791775,,0.19973200688398565,0.04578739133904905,0.7847434435868814,Moderate,1,1
7,6,2012,0.7865444486131111,-1.2191929947336102,0.5368462137112,-0.2816109209116513,0.5417295549183746,-0.38654968780468,-0.4316160296790627,0.1586262351428086,-0.4218949736161848,-0.1394420448481865,,-0.27424742788213036,0.07097503856683955,0.7550588605591195,Moderate,1,1
8,6,2012,-1.1468545500731635,-0.7461438879722345,0.5368462137112,0.2686419969222983,-0.4498846842208451,-0.5644350825712996,-0.883605997018863,-0.7821127075658255,-0.6613465276463365,-0.8397559076072045,,1.3439265817059463,0.13948364393601825,-1.2118081310420508,Low,0,0
9,6,2012,-1.4230544070283455,-0.2055163373878049,0.8932768965850295,-0.3316339134420104,0.0179896398800538,-0.499749484474347,-0.7301396360151169,-0.5650191054022945,-0.5909195999904095,-0.6916125904851046,,0.8416590679574013,0.3086141374450245,-1.472009921722784,Low,0,0
10,6,2012,-0.5944548361627993,-1.421928326202771,-0.1760151520364588,-0.3816569059723695,0.8070911118711245,-0.1116358958926315,-0.566161880422073,0.8822715756879119,-0.2528703472419599,0.3992609265049036,,1.3346113789417566,0.10435371622471185,-0.6735937998639229,Moderate,1,1
11,6,2012,-0.3182549792076171,-1.354349882379717,1.962568945206518,-0.3816569059723695,0.890889498277255,0.2845633924512027,-0.3979795669933101,2.088347143263084,0.09222159827208182,1.3015884035213303,,0.9652224928588571,0.09860614258828446,-0.3866758844582104,Severe,2,2
12,6,2012,-1.4230544070283455,-0.2730947812108587,0.5368462137112,-0.3816569059723695,0.7721751175352365,0.5352200850768942,-0.244513205989564,0.954636109742422,0.3175877667710484,0.7898205807358945,,0.9274137286983231,0.25482123035837595,-1.4749783800255598,Moderate,1,1
13,6,2012,-0.5944548361627993,-0.6785654441491809,-0.1760151520364588,0.6188029446348128,-0.3870358944162472,-0.2652641913728939,-0.8751968813474249,-0.8062342189173289,-0.4078095880849993,-0.8262883333233773,,0.9405646031889436,0.11873194426900682,-0.6409407585333834,Low,0,0
14,6,2012,-1.4230544070283455,1.1460525390732683,0.1804155308373701,-0.03149595825985572,-1.7068604803128151,-0.6695491794788475,-0.8857082759367225,-1.0233278210808598,-0.745858840833449,-0.9070937790263408,,-0.8734341468610297,0.05224609687677086,-1.4126407556672584,Low,0,0
15,6,2012,-1.1468545500731635,1.8894154211268583,-0.1760151520364588,-0.3816569059723695,-0.7711118321110157,-0.6048635813818949,-0.7301396360151169,-0.8544772416203358,-0.675431913177522,-0.8666910561748591,,-1.3513862416295201,0.07217262412153397,-1.0960382572337775,Low,0,0
16,6,2012,-0.8706546931179814,1.6866800896576977,-0.1760151520364588,-0.18156493585093303,-2.125852412343472,-0.847434574245467,-0.8709923235117057,-1.09569235513537,-0.886712696145303,-0.9340289275939956,,-0.7286375391882595,0.07502309025119522,-0.8209941750391699,Low,0,0
17,6,2012,-0.3182549792076171,0.4702681008427313,0.5368462137112,1.9694237429545087,-1.0923389800011851,-0.8716916735318243,-0.8709923235117057,-0.8785987529718392,-0.9078407744420812,-0.8936262047425135,,0.44740680979067293,0.06998243812919344,-0.30652751028325215,Low,0,0
18,6,2012,0.2341447347027467,-0.0027810059186439,-1.9581685664056063,3.970343444168874,-0.8618934173843245,-0.8150917751969908,-0.8646854867581271,-0.9268417756748462,-0.8655846178485248,-0.8936262047425135,,0.5802854374563181,-2.552017042001094,0.2405921958032084,Low,0,0
19,6,2012,-0.0420551222524349,0.335111213196624,-0.5324458349102886,1.8693777578937911,-0.9247422071889232,-0.8312631747212289,-0.8667877656759868,-0.9027202643233428,-0.8796700033797102,-0.8936262047425135,,0.5682989633112213,0.08728891087827023,-0.02851496978586058,Low,0,0
20,6,2012,-0.3182549792076171,0.6730034323118925,-0.5324458349102886,-0.2816109209116513,-1.2320029573447375,-0.8797773732939435,-0.8709923235117057,-0.9509632870263496,-0.914883467207674,-0.9070937790263408,,0.38987173389420793,0.07638268793248883,-0.29762213537492294,Low,0,0
21,6,2012,-0.0420551222524349,-0.4758301126800197,-0.5324458349102886,-0.3816569059723695,0.5836287481214408,-0.515920883998585,-0.6523553160543141,0.0621401897367947,-0.5979622927560023,-0.2875853619702866,,0.5987103605707811,0.09400354767522599,-0.06413646941917589,Moderate,1,1
22,6,2012,0.2341447347027467,-1.0840361070875029,-0.5324458349102886,0.16859601186158008,0.0319560376144092,-0.5320922835228233,-0.8646854867581271,-0.6856266621598117,-0.6331757565839659,-0.7858856104718954,,0.3545287587006654,0.08444777830190564,0.19309686295878797,Low,0,0
23,6,2012,0.2341447347027467,-0.2055163373878049,0.1804155308373701,0.01852703427050268,-0.2543551159398722,-0.6210349809061331,-0.8646854867581271,-0.7579911962143221,-0.7036026842398928,-0.8397559076072045,,0.5379560601896333,0.0554609357241523,0.23168682089487916,Low,0,0
24,6,2012,0.7865444486131111,0.4026896570196777,0.1804155308373701,-0.3816569059723695,0.520779958316842,-0.3784639880425609,-0.6817872209043475,0.0380186783852914,-0.4782365157409263,-0.2337150648349774,,0.8633032155565479,0.1525496175996064,0.8263018598257484,Moderate,1,1
25,6,2012,0.510344591657929,0.5378465446657852,0.1804155308373701,-0.3816569059723695,0.5696623503870853,-0.1520643947032269,-0.5009912339684274,0.1586262351428086,-0.2810411183043308,-0.0451690248613956,,0.8256314396719578,0.12101810318116883,0.5482893193283552,Moderate,1,1
26,6,2012,1.062744305568293,-0.0027810059186439,0.1804155308373701,-0.3816569059723695,0.6953599299962822,0.1471064964951786,-0.3138884102789287,0.5445704167668637,-0.020461485977400592,0.3319230550857673,,0.5782306133171589,-11.906027845588262,1.092440567112035,Moderate,1,1
27,6,2012,1.062744305568293,-0.4758301126800197,-0.1760151520364588,-0.3816569059723695,0.7861415152695909,0.5028772860284177,-0.1288878655072896,0.7857855302818981,0.2894169957086777,0.668612412181449,,0.12993648029053617,0.021110418483048215,1.0716613589926007,Moderate,1,1
28,6,2012,1.3389441625234753,-1.692242101494986,-0.8888765177841181,-0.3816569059723695,1.02357027675363,1.0122763710419194,0.062419516017928,1.678281450287525,0.7331066399410179,1.5305371663463938,,-1.4396066913374335,0.06638861159136934,1.3021785666455719,Severe,2,2
29,6,2012,1.3389441625234753,-1.759820545318039,-0.8888765177841181,-0.08151895079021483,0.5836287481214408,0.2603062931648455,-0.2676382740860188,0.0138971670337878,0.07813621274089651,0.0221688465577402,,-1.5202927858684279,0.06734249402236643,1.2992101083427958,Moderate,1,1
30,6,2012,0.510344591657929,-1.354349882379717,-0.1760151520364588,0.4687339670437348,0.1297208217548961,-0.2167499928001795,-0.860480928922408,-0.6132621281053013,-0.3655534314914431,-0.6512098676336229,,-0.03547686291180055,0.07939872820720394,0.4651724868506195,Low,0,0
1,7,2012,-1.1468545500731635,-0.2730947812108587,0.8932768965850295,0.7188489296955312,-0.9875909969935212,-0.9282915718666578,-0.860480928922408,-0.8544772416203358,-0.9430542382700444,-0.8801586304586864,,0.8601524852098367,0.22306966619141666,-1.1910289229226165,Low,0,0
2,7,2012,0.2341447347027467,-0.9488792194413956,0.1804155308373701,-0.3816569059723695,0.6813935322619268,-0.5482636830470614,-0.6649689895614712,0.4963273940638567,-0.6261330638183731,-0.0855717477128774,,0.38274834354512194,0.0834818987516775,0.19903377956434137,Moderate,1,1
3,7,2012,0.510344591657929,-0.408251668856966,0.5368462137112,-0.3316339134420104,0.4788807651137766,-0.4027210873289182,-0.4652524923648153,-0.0102243443177153,-0.4500657446785555,-0.2471826391188046,,0.3950772883800786,0.051983240741383725,0.5067309030894882,Moderate,1,1
4,7,2012,0.510344591657929,-0.2730947812108587,0.8932768965850295,-0.3816569059723695,0.7093263277306375,-0.0873787966062744,-0.2655359951681594,0.7857855302818981,-0.182443419586033,0.3857933522210764,,0.45658502427891856,0.032560281189660645,0.5126678196950399,Moderate,1,1
5,7,2012,0.510344591657929,-1.1516145509105566,0.8932768965850295,-0.3816569059723695,0.8839062994100778,0.3249918912617981,-0.0637172190536438,1.581795404881512,0.1415204476312309,1.072639640696267,,0.05678474093645906,0.07731610829483855,0.4740778617589488,Severe,2,2
6,7,2012,0.7865444486131111,-1.354349882379717,-0.1760151520364588,-0.23158792838129222,0.4788807651137766,0.0662494988739879,-0.0910468449858177,-0.1067103897237292,0.0006665923193767073,-0.0990393219967047,,-0.3690433148353532,0.07299625674684376,0.7491219439535661,Moderate,1,1
7,7,2012,1.6151440194786573,-1.286771438556664,-0.8888765177841181,-0.13154194332057392,0.4998303617153092,-0.1358929951789888,-0.2949679000181929,-0.1549534124267361,-0.2106141906484038,-0.2471826391188046,,-1.272412500547825,0.051822576546620876,1.6039387735651736,Moderate,1,1
8,7,2012,0.7865444486131111,-1.0164576632644493,0.8932768965850295,2.619722645849178,0.2065360092938494,-0.394635387566799,-0.8352535819080937,-0.3961685259417704,-0.5134499795688898,-0.5434692733630048,,-0.13205359745229564,0.06693536721118135,0.7639642354674487,Low,0,0
9,7,2012,1.062744305568293,-1.286771438556664,-0.1760151520364588,0.5687799521044536,0.3112839923015135,-0.4269781866152753,-0.8310490240723746,-0.3720470145902669,-0.5416207506312607,-0.5300016990791775,,-0.6385677477551029,0.0653000072844441,1.036039859359287,Moderate,1,1
10,7,2012,0.510344591657929,-0.7461438879722345,0.1804155308373701,1.519216810181277,-0.0239095533230113,-0.5401779832849424,-0.8394581397438127,-0.6615051508083082,-0.6331757565839659,-0.7724180361880683,,0.24130794863297877,0.06975564689102226,0.4918886115756056,Low,0,0
11,7,2012,0.510344591657929,-0.408251668856966,-0.1760151520364588,1.0690098774080448,-0.2124559227368069,-0.612949281144014,-0.8394581397438127,-0.7579911962143221,-0.6965599914743,-0.8397559076072045,,0.3950772883800786,0.051983240741383725,0.5067309030894882,Low,0,0
12,7,2012,1.062744305568293,-1.2191929947336102,-0.8888765177841181,-0.3816569059723695,0.855973503941367,-0.1682357942274651,-0.6313325268757187,0.8581500643364086,-0.2951265038355161,0.3453906293695945,,-0.5745257287512997,0.06386280407506172,1.0390083176620628,Moderate,1,1
13,7,2012,1.891343876433839,-1.1516145509105566,-0.8888765177841181,-0.08151895079021483,0.5137967594496647,-0.273349891135013,-0.820537629483077,-0.1308319010752325,-0.4078095880849993,-0.3145205105379411,,-1.3613863857734296,0.0396681536800667,1.8938251472736687,Moderate,1,1
15,7,2012,0.510344591657929,-1.1516145509105566,0.5368462137112,-0.3816569059723695,0.8839062994100778,0.2683919929269646,-0.5325254177363204,1.4853093594754978,0.07109351997530372,0.9514314721418216,,0.05678474093645906,0.07731610829483855,0.4740778617589488,Severe,2,2
16,7,2012,-0.3182549792076171,1.416366314365483,0.5368462137112,-0.3816569059723695,0.4649143673794212,0.3815917895966316,-0.3433203151289622,-0.0102243443177153,0.1767339114591944,0.0356364208415674,,0.17890978894050322,0.08417449672829334,-0.26496909404438346,Moderate,1,1
17,7,2012,-0.0420551222524349,1.2812094267193757,0.5368462137112,-0.3816569059723695,0.4718975662465983,0.519048685552656,-0.1499106546858848,-0.0102243443177153,0.2964596884742702,0.0895067179768765,,0.5328189998417348,0.09019829532647006,0.01304344645300645,Moderate,1,1
18,7,2012,0.2341447347027467,0.4026896570196777,-0.1760151520364588,-0.3816569059723695,0.5766455492542626,0.7454482788919898,0.0456012846750518,0.1103832124398017,0.5077404714420514,0.2780527579504582,,0.6649441919896878,0.10948326951679689,0.2584029456198652,Moderate,1,1
19,7,2012,0.510344591657929,-0.2730947812108587,0.1804155308373701,-0.3816569059723695,0.7163095265978148,1.0607905696146338,0.2453177818717077,0.616934950821374,0.775362796534574,0.8032881550197216,,0.45658502427891856,0.032560281189660645,0.5126678196950399,Moderate,1,1
20,7,2012,1.062744305568293,-0.8137223317952882,0.1804155308373701,-0.3816569059723695,0.8420071062070126,1.456989857958468,0.4534433947398019,1.1476082005544497,1.1204547420486162,1.3823938492242942,,-0.1902736147284802,0.050226565011878645,1.0568190674787197,Severe,2,2
21,7,2012,1.062744305568293,-2.232869652079416,0.8932768965850295,-0.3816569059723695,1.1213350608941168,2.014903141544684,0.6552621708543171,3.318544222189759,1.6064005428745125,3.0927757832703566,,-1.5351560138083482,0.07628640461649705,0.9944814431204183,Severe,2,2
22,7,2012,-0.0420551222524349,-0.9488792194413956,0.8932768965850295,-0.3816569059723695,0.953738288081854,2.3868453306021613,0.8549786680509731,2.040104120560077,1.923321717326184,2.473267366214302,,0.6164503423055244,0.09262024459339907,-0.08491567753860857,Severe,2,2
23,7,2012,-0.3182549792076171,0.6054249884888389,0.5368462137112,-0.3816569059723695,0.6604439356603942,2.580902124893019,1.042081491740472,0.5204489054153604,2.0993890364660013,1.2477181063860217,,0.40905009252636293,0.07472554164288961,-0.3005905936776988,Severe,2,2
24,7,2012,0.2341447347027467,0.0647974379044093,0.5368462137112,0.16859601186158008,-0.3521199000803592,0.5028772860284177,0.1507152305680286,-0.7579911962143221,0.352801230599012,-0.610807144782141,,0.5943952298785463,0.20467283716764204,0.24356065410598426,Low,0,0
25,7,2012,1.891343876433839,0.132375881727463,-2.3145992492794365,0.21861900439193918,-0.2822879114085831,-0.2410070920865368,-0.7049122890008024,-0.8785987529718392,-0.3725961242570358,-0.8532234818910318,,0.8041242803487553,0.5397848482601624,1.9502258550264167,Low,0,0
26,7,2012,0.7865444486131111,-0.2730947812108587,-1.9581685664056063,-0.2816109209116513,0.0319560376144092,-0.3137783899456083,-0.62502569012214,-0.7579911962143221,-0.4218949736161848,-0.81282075903955,,0.3893237807904321,0.0008087170227013079,0.7966172767979866,Low,0,0
27,7,2012,-0.8706546931179814,1.6866800896576977,0.8932768965850295,-0.3816569059723695,0.1506704183564287,-0.2329213923244176,-0.4442297031862199,-0.4685330599962808,-0.344425353194665,-0.5165341247953502,,-0.7286375391882595,0.07502309025119522,-0.8209941750391699,Moderate,1,1
28,7,2012,0.2341447347027467,-0.3406732250339123,0.1804155308373701,-0.3816569059723695,0.6744103333947495,0.082420898398226,-0.248717763825283,0.4722058827123533,-0.06976033533654949,0.264585183666631,,0.5097364753451766,0.06965129206551275,0.22574990428932742,Moderate,1,1
29,7,2012,0.510344591657929,-0.2055163373878049,0.1804155308373701,-0.3816569059723695,0.7163095265978148,0.3896774893587507,-0.0468989877107675,0.6410564621728775,0.1978619897559725,0.5204690950593491,,0.4873388922283385,0.013268735437340237,0.5156362779978159,Moderate,1,1
30,7,2012,1.062744305568293,-0.408251668856966,0.1804155308373701,-0.3816569059723695,0.7721751175352365,0.7373625791298709,0.1612266251573263,0.8340285529849049,0.5006977786764588,0.8302233035873761,,0.19397849929433938,0.009503627646078483,1.074629817295378,Moderate,1,1
31,7,2012,1.3389441625234753,-0.4758301126800197,-0.1760151520364588,-0.3816569059723695,0.8001079130039463,1.1012190684252292,0.3735567958611395,0.8581500643364086,0.8176189531281303,1.0053017692771309,,0.012743010220474834,0.002887136185003753,1.355610816095544,Severe,2,2
1,8,2012,1.6151440194786573,-0.6785654441491809,-0.5324458349102886,-0.3816569059723695,0.0319560376144092,-0.8312631747212289,-0.8184353505652173,-0.6615051508083082,-0.8655846178485248,-0.8397559076072045,,-0.39644097002414636,0.01650231800030503,1.6306548982901596,Low,0,0
2,8,2012,2.1675437333890217,-1.8949774329641471,-0.5324458349102886,-0.3816569059723695,1.0794358676910507,-0.3137783899456083,-0.5892869485185279,2.184833188669097,-0.4289376663817774,0.870626026438858,,-3.0818221433536763,0.05531852002021972,2.1451215630460774,Severe,2,2
3,8,2012,1.891343876433839,-1.9625558767872,0.5368462137112,-0.3816569059723695,1.1073686631597617,0.1956206950678932,-0.3643431043075575,3.0049645746202147,0.014751977850562007,1.678680483468494,,-2.7290773327979663,0.06097336432900431,1.8582036476403532,Severe,2,2
4,8,2012,1.6151440194786573,-1.827398989141093,-0.1760151520364588,-0.3816569059723695,1.1143518620269386,0.6726769810329183,-0.1415015390144466,2.6431419043476625,0.4373135437861242,1.867226523442076,,-2.051053861013317,0.06348072847384462,1.5801911071429633,Severe,2,2
5,8,2012,0.510344591657929,-1.354349882379717,0.5368462137112,-0.3316339134420104,0.7302759243321703,0.7211911796056328,0.0645217949357876,3.4391517789472763,0.4795697003796805,0.7494178578844125,,-0.03547686291180055,0.07939872820720394,0.4651724868506195,Moderate,1,1
6,8,2012,-0.5944548361627993,-0.5434085565030735,-0.5324458349102886,1.1690558624687633,-0.512733474025444,-0.2976069904213702,-0.8478672554152508,-0.8303557302688325,-0.4359803591473701,-0.8397559076072045,,0.8689197348702505,0.12557253978314845,-0.6350038419278317,Low,0,0
7,8,2012,0.510344591657929,0.0647974379044093,-0.8888765177841181,1.0690098774080448,-0.5685990649628646,-0.6048635813818949,-0.833151302990234,-0.8544772416203358,-0.6895172987087074,-0.8666910561748591,,0.6103543640260182,0.33849273421465564,0.5275101112089209,Low,0,0
8,8,2012,1.3389441625234753,-0.408251668856966,-1.601737883531777,-0.3816569059723695,0.6674271345275723,-0.2814355908971322,-0.6145142955328424,0.1103832124398017,-0.4007668953194066,-0.1529096191320137,,0.09342910475146968,-0.011736178901574157,1.3585792743983214,Moderate,1,1
9,8,2012,1.891343876433839,-1.286771438556664,-1.2453072006579475,-0.3816569059723695,0.9677046858162092,0.1471064964951786,-0.389570451321872,1.171729711905953,-0.020461485977400592,0.7628854321682398,,-1.589334876944186,0.04508386117770927,1.8878882306681168,Moderate,1,1
10,8,2012,1.891343876433839,-1.5570852138488789,-0.1760151520364588,-0.2816109209116513,0.8001079130039463,0.0905065981603451,-0.2949679000181929,0.8340285529849049,-0.06271764257095669,0.4935339464916943,,-2.045231859285699,0.053094736243877456,1.8760143974570118,Moderate,1,1
11,8,2012,2.1675437333890217,-2.097712764433308,-0.1760151520364588,-0.3816569059723695,1.1422846574956498,0.632248482222323,-0.0658194979715034,2.860235506511194,0.4021000799581607,1.961499543428867,,-3.473677106691385,0.05878910212620097,2.136216188137748,Severe,2,2
12,8,2012,1.891343876433839,-2.7734972026638447,0.5368462137112,-0.18156493585093303,1.058486271089518,0.3007347919754408,-0.1667288860287611,2.5948988816446565,0.12039236933445252,1.5844074634817031,,-4.096768279822506,0.06981973726565836,1.8225821480070397,Severe,2,2
13,8,2012,0.7865444486131111,-1.8949774329641471,0.1804155308373701,-0.2816109209116513,0.7302759243321703,0.1794492955436548,-0.0910468449858177,0.6651779735243809,0.05700813444411831,0.4665987979240399,,-0.7482268626482464,0.07819791245634684,0.7253742775313576,Moderate,1,1
14,8,2012,1.3389441625234753,-1.489506770025825,-0.8888765177841181,-0.3816569059723695,0.9816710835505648,0.6160770826980849,0.1275901624715737,1.4611878481239944,0.3950573871925681,1.1669126606830578,,-1.197548407744449,0.06300763622354848,1.311083941553901,Severe,2,2
15,8,2012,0.7865444486131111,-1.0840361070875029,-0.8888765177841181,-0.23158792838129222,0.4230151741763559,0.1794492955436548,0.1002605365393998,-0.2996824805357567,0.162648525928009,-0.2067799162673228,,-0.17945154092890717,0.06844981215929195,0.7609957771646713,Moderate,1,1
16,8,2012,2.1675437333890217,-1.421928326202771,-1.9581685664056063,-0.3316339134420104,0.988654282417742,0.6403341819844421,0.3294089385860891,1.1476082005544497,0.5288685497388295,1.0457044921286127,,-2.167493895565687,0.04337183472274812,2.1659007711655103,Severe,2,2
17,8,2012,2.7199434472993858,-2.570761871194684,-2.3145992492794365,-0.3816569059723695,1.2679822371048466,1.2629330636676106,0.5669664563042169,2.6431419043476625,0.9655155012055768,2.2847213262407204,,-5.65432497730538,0.058012368000258746,2.6833358942242014,Severe,2,2
18,8,2012,1.3389441625234753,-1.692242101494986,-0.5324458349102886,-0.3816569059723695,1.1492678563628267,1.7157322503462782,0.7856034637616085,2.715506438402173,1.3528636033131751,2.594475534768748,,-1.4396066913374335,0.06638861159136934,1.3021785666455719,Severe,2,2
19,8,2012,0.7865444486131111,0.2675327693735704,-0.1760151520364588,-0.3316339134420104,0.3392167877702244,1.456989857958468,0.995831355547562,-0.3479255032387636,1.3246928322508045,0.0895067179768765,,0.7685073286033248,0.1835287370105255,0.8203649432201968,Moderate,1,1
20,8,2012,1.062744305568293,1.2812094267193757,-0.1760151520364588,-0.3816569059723695,0.4090487764420005,1.5944467539144922,1.210263805169235,-0.2273179464812464,1.5078028441562146,0.264585183666631,,1.79502897438942,0.11727017378269235,1.148841274864783,Moderate,1,1
21,8,2012,1.062744305568293,0.6054249884888389,-0.1760151520364588,-0.3816569059723695,0.5696623503870853,1.796589247967469,1.4225939758730477,0.0862617010882982,1.7331690126551806,0.6955475607491034,,1.1546087843513877,0.1463379348719986,1.119156691837021,Moderate,1,1
22,8,2012,1.3389441625234753,-0.6109870003261272,-0.5324458349102886,-0.3816569059723695,0.8140743107383017,2.13618863797647,1.6412309833304397,0.7857855302818981,2.028962108810074,1.4901344434949124,,-0.14862917884151516,0.022429263219228963,1.3496738994899922,Severe,2,2
23,8,2012,1.062744305568293,-1.286771438556664,0.1804155308373701,-0.3816569059723695,0.9327886914803212,2.540473626082424,1.855663432952112,1.6300384275845186,2.359968668792931,2.352059197659857,,-0.6385677477551029,0.0653000072844441,1.036039859359287,Severe,2,2
24,8,2012,0.7865444486131111,-1.6246636576719322,-0.1760151520364588,-0.3816569059723695,0.9956374812849192,2.960930013712615,2.065891324738065,1.7988890070450425,2.690975228775788,2.675280980471712,,-0.5586350887418,0.07602981391943482,0.7372481107424627,Severe,2,2
25,8,2012,0.510344591657929,-1.489506770025825,0.8932768965850295,-0.3816569059723695,0.9956374812849192,3.3652150018185685,2.271914658688301,2.305440745426615,3.014939095993052,3.2409191003924565,,-0.09698459881064082,0.08047218216004252,0.45923557024506784,Severe,2,2
26,8,2012,0.2341447347027467,-1.692242101494986,0.1804155308373701,-0.3816569059723695,1.0026206801520974,3.769499989924522,2.475835713720675,2.015982609208573,3.331860270444724,3.1331785061218382,,0.22754062690061075,0.08688493764688557,0.16638073823380192,Severe,2,2
27,8,2012,1.062744305568293,-0.5434085565030735,-0.5324458349102886,-0.3816569059723695,0.9188222937459656,4.141442178982,2.688165884424489,1.2682157573119668,3.613567981068431,2.567540386201093,,0.06589446128673279,0.02983036165022918,1.0686929006898247,Severe,2,2
28,8,2012,0.7865444486131111,-0.408251668856966,-0.5324458349102886,-0.18156493585093303,0.0948048274190081,1.8046749477295885,2.4506083667063607,-0.6373836394568048,0.9796008867367624,-0.1259744705643593,,0.29452789383720895,0.030743434193731094,0.7906803601924348,Moderate,1,1
29,8,2012,0.7865444486131111,-0.6109870003261272,0.5368462137112,-0.13154194332057392,0.1646368160907842,0.4867058865041795,2.0974255085059585,-0.4926545713477842,0.9796008867367624,-0.1529096191320137,,0.15233406340737404,0.05081345622055263,0.7817749852841056,Moderate,1,1
30,8,2012,0.510344591657929,-0.8813007756183419,-0.1760151520364588,-0.3816569059723695,0.7931247141367691,0.8182195767510617,2.305551121374053,0.8099070416334014,1.33877821778199,1.2073153835345396,,0.17980021273413888,0.07304878570170946,0.48595169497005386,Severe,2,2
31,8,2012,-0.5944548361627993,-0.2055163373878049,1.2497075794588592,-0.3816569059723695,0.7861415152695909,1.0607905696146338,2.4968585028992707,1.21997273460896,1.5923151573433267,1.665212909184666,,0.6898075640735172,0.18203753658458835,-0.6201615504139507,Severe,2,2
1,9,2012,-0.8706546931179814,1.619101645834644,0.1804155308373701,-0.3816569059723695,-2.7892563047253454,-1.1142626663953965,-0.8667877656759868,-1.1198138664868738,-1.076865400816306,-0.9474965018778226,,-0.6761710295017214,0.07434669215620865,-0.8239626333419457,Low,0,0
2,9,2012,-1.1468545500731635,0.335111213196624,1.2497075794588592,-0.3816569059723695,-0.1705567295337407,-0.952548671153015,-0.6965031733293642,-0.6615051508083082,-0.8937553889108957,-0.8397559076072045,,0.2381572182862677,-0.01621328335228268,-1.1643127981976304,Low,0,0
3,9,2012,-1.1468545500731635,0.8757387637810535,0.1804155308373701,-0.3816569059723695,0.3043007934343364,-0.8312631747212289,-0.5283208599006014,-0.3479255032387636,-0.7529015335990417,-0.610807144782141,,-0.3147274634235717,0.05011489319813199,-1.1405651317754202,Low,0,0
4,9,2012,-0.5944548361627993,0.2675327693735704,-0.1760151520364588,-0.2816109209116513,-0.3032375080101158,-0.8555202740075861,-0.479968444789832,-0.7821127075658255,-0.7529015335990417,-0.8532234818910318,,0.43905052495809105,0.02147033777999504,-0.5993823422945164,Low,0,0
5,9,2012,-0.5944548361627993,-0.2730947812108587,-1.2453072006579475,1.6692857877723544,-0.8199942241812592,-0.8636059737697052,-0.8625832078402677,-0.9027202643233428,-0.9007980816764884,-0.8936262047425135,,0.725629998232864,0.15956653785749797,-0.6231300087167266,Low,0,0
6,9,2012,0.510344591657929,0.6054249884888389,-0.5324458349102886,2.8698376085009736,-0.9317254060561004,-0.9202058721045387,-0.8478672554152508,-0.9027202643233428,-0.9289688527388592,-0.8936262047425135,,0.8563853076213778,0.11769297758035499,0.5512577776311312,Low,0,0
7,9,2012,-0.3182549792076171,-0.0027810059186439,-0.1760151520364588,-0.3816569059723695,0.3811159809732896,-0.7180633780515621,-0.6670712684793307,-0.2273179464812464,-0.7247307625366708,-0.5165341247953502,,0.5816553202157576,3.683990160390347,-0.3273067184026848,Moderate,1,1
8,9,2012,-0.5944548361627993,1.7542585334807512,-0.5324458349102886,-0.3816569059723695,0.325250390035869,-0.6533777799546094,-0.4904798393791297,-0.4202900372932739,-0.605004985521595,-0.5838719962144865,,-0.34904302654753483,0.08059031056206489,-0.5340762596334392,Low,0,0
9,9,2012,-0.5944548361627993,1.213630982896322,-0.1760151520364588,-0.3816569059723695,0.3671495832389342,-0.5482636830470614,-0.3138884102789287,-0.2996824805357567,-0.4711938229753336,-0.4491962533762139,,-0.06246355327276182,0.0758512543320548,-0.5578239260556493,Moderate,1,1
10,9,2012,-0.8706546931179814,0.8081603199579999,-0.1760151520364588,0.16859601186158008,-1.280885349414981,-0.8070060754348717,-0.8667877656759868,-0.9509632870263496,-0.8514992323173395,-0.9070937790263408,,-0.04657291326326196,0.05740648109181672,-0.8595841329752595,Low,0,0
11,9,2012,-0.5944548361627993,0.7405818761349462,-0.5324458349102886,-0.3816569059723695,0.0948048274190081,-0.6614634797167285,-0.6901963365757856,-0.6373836394568048,-0.7106453770054855,-0.7858856104718954,,0.18829348584266462,0.06602879062137483,-0.5786031341750837,Low,0,0
12,9,2012,-0.3182549792076171,0.6730034323118925,-0.5324458349102886,-0.3816569059723695,0.4439647707778885,-0.515920883998585,-0.5094003496398656,-0.2273179464812464,-0.534578057865668,-0.4222611048085594,,0.38987173389420793,0.07638268793248883,-0.29762213537492294,Moderate,1,1
13,9,2012,-0.8706546931179814,-0.8813007756183419,1.2497075794588592,-0.3816569059723695,0.7512255209337029,-0.2571784916107749,-0.3370134783753836,1.0511221551484355,-0.3021691966011088,0.4396636493563855,,1.2650898289001948,0.12224417227784395,-0.9337955905446659,Moderate,1,1
14,9,2012,-1.1468545500731635,1.2812094267193757,-0.1760151520364588,-0.3816569059723695,0.4718975662465983,-0.1682357942274651,-0.1667288860287611,-0.1067103897237292,-0.1683580340548475,-0.1798447676996683,,-0.7293909747059514,0.06312641687024774,-1.1227543819587633,Moderate,1,1
15,9,2012,-0.0420551222524349,-0.7461438879722345,-0.8888765177841181,-0.3816569059723695,0.758208719800881,0.1066779976845832,0.0161693798250183,0.5204489054153604,0.07813621274089651,0.3723257779372492,,0.6088474929906345,0.09299831257268758,-0.076010302630281,Moderate,1,1
16,9,2012,0.2341447347027467,-2.4356049835485765,-0.8888765177841181,-0.3816569059723695,1.1213350608941168,0.527134385314775,0.2053744824323766,2.281319234075111,0.4021000799581607,1.6517453349008395,,0.07233291025609949,0.088210716216245,0.13372769690326414,Severe,2,2
17,9,2012,0.510344591657929,-1.2191929947336102,-1.2453072006579475,-0.3816569059723695,1.02357027675363,0.8505623757995379,0.2915679180646175,1.557673893530008,0.6697224050506835,1.4093289977919483,,0.026030872987039128,0.07808727305861739,0.4711094034561729,Severe,2,2
18,9,2012,1.062744305568293,-1.9625558767872,-0.8888765177841181,-0.3316339134420104,0.890889498277255,0.8990765743722524,0.5963983611542503,1.0270006437969323,0.8105762603625374,1.1265099378315762,,-1.2789879377931344,0.07422830382678838,1.0063552763315233,Severe,2,2
19,9,2012,-0.8706546931179814,-1.421928326202771,-2.671029932153266,-0.3316339134420104,0.4230151741763559,0.8263052765131805,0.7687852324187323,-0.4926545713477842,0.8598751097216862,-0.1933123419834956,,1.6848219063925007,0.11045190437490823,-0.9575432569668761,Moderate,1,1
20,9,2012,0.510344591657929,-0.2730947812108587,-0.8888765177841181,-0.2816109209116513,0.1157544240205407,0.3249918912617981,0.810830810775923,-0.6373836394568048,0.5429539352700148,-0.4357286790923866,,0.45658502427891856,0.032560281189660645,0.5126678196950399,Moderate,1,1
21,9,2012,0.7865444486131111,-1.8949774329641471,0.5368462137112,-0.3816569059723695,1.0026206801520974,0.7211911796056328,1.0063427501368598,2.184833188669097,0.8950885735496498,1.961499543428867,,-0.7482268626482464,0.07819791245634684,0.7253742775313576,Severe,2,2
22,9,2012,0.2341447347027467,0.132375881727463,-0.8888765177841181,-0.3816569059723695,0.7721751175352365,0.9233336736586096,1.195547852744218,0.568691928118367,1.1063693565174306,0.8975611750065124,,0.6085050223007746,0.1467591842439345,0.2465291124087601,Severe,2,2
23,9,2012,0.7865444486131111,-0.408251668856966,-0.5324458349102886,-0.3816569059723695,0.7791583164024136,1.1901617658085388,1.3910597921051546,0.6651779735243809,1.3599062960787678,1.0995747892639214,,0.29452789383720895,0.030743434193731094,0.7906803601924348,Severe,2,2
24,9,2012,-1.6992542639835275,-0.8813007756183419,-3.383891297900925,0.6188029446348128,-1.1551877698057842,-0.2248356925622985,-0.448434261021939,-0.9992063097293564,-0.3373826604290723,-0.8936262047425135,,1.9162635985998284,0.15176140422352466,-1.7856439618534958,Low,0,0
25,9,2012,-1.1468545500731635,0.5378465446657852,-0.1760151520364588,-0.3816569059723695,0.1436872194892515,-0.0712073970820362,-0.2802519475931761,-0.5650191054022945,-0.182443419586033,-0.5434692733630048,,0.03082546264507777,0.024285830134775727,-1.1554074232893012,Low,0,0
26,9,2012,-0.5944548361627993,0.1999543255505167,-0.5324458349102886,-0.3816569059723695,0.5277631571840201,0.1066779976845832,-0.103660518492975,-0.0584673670207223,0.014751977850562007,-0.0721041734290502,,0.47487295911743765,-0.0021058910927636613,-0.6023508005972923,Moderate,1,1
27,9,2012,-1.1468545500731635,1.6866800896576977,-0.1760151520364588,1.819354765363432,-2.565793940975661,-0.6614634797167285,-0.8709923235117057,-1.1198138664868738,-0.7388161480678563,-0.9474965018778226,,-1.144054485988331,0.06988211151880379,-1.1049436321421067,Low,0,0
28,9,2012,-1.4230544070283455,1.6866800896576977,4.8140144081971545,-0.13154194332057392,-2.230600395351136,-0.9040344725803006,-0.8730946024295653,-1.0474493324323633,-0.936011545504452,-0.920561353310168,,-1.559471432788402,0.06474113278641234,-1.38889308924505,Low,0,0
29,9,2012,-2.251653977893892,-0.5434085565030735,0.8932768965850295,-0.3316339134420104,0.1297208217548961,-0.839348874483348,-0.7196282414258193,-0.7338696848628184,-0.816285768489376,-0.8532234818910318,,1.6719450084537686,0.22131471791606774,-2.338700584545498,Low,0,0
30,9,2012,-2.251653977893892,0.132375881727463,-0.1760151520364588,-0.2816109209116513,-0.7361958377751276,-0.8797773732939435,-0.6922986154936452,-0.8544772416203358,-0.837413846786154,-0.8801586304586864,,0.3150761352288037,-0.4427793117804074,-2.3090160015177363,Low,0,0
